sample_id,label,label_index,group_id,group_index,cv_index,fname_placeholder,track,year,bandleader,pianist,jtd_300,raw_audio_path,audio_path,sample_rate,num_samples,duration_sec
jamala-allthethingsyouare-heardjisraely-1992-5d32f8fa,All the Things You Are,0,Ahmad Jamal / Ahmad Jamal,1,1,jamala-allthethingsyouare-heardjisraely-1992-5d32f8fa,All the Things You Are,1992,Ahmad Jamal,Ahmad Jamal,true,raw_jtd_wav_path/jamala-allthethingsyouare-heardjisraely-1992-5d32f8fa.wav,data/processed/jtd_group_cv_16/audio_24k_mono/jamala-allthethingsyouare-heardjisraely-1992-5d32f8fa.wav,24000,2184055,91.002292
waltonc-allthethingsyouare-carterrdejohnettej-1983-2ecfa73e,All the Things You Are,0,Cedar Walton / Cedar Walton,0,0,waltonc-allthethingsyouare-carterrdejohnettej-1983-2ecfa73e,All the Things You Are,1983,Cedar Walton,Cedar Walton,false,raw_jtd_wav_path/waltonc-allthethingsyouare-carterrdejohnettej-1983-2ecfa73e.wav,data/processed/jtd_group_cv_16/audio_24k_mono/waltonc-allthethingsyouare-carterrdejohnettej-1983-2ecfa73e.wav,24000,3480492,145.020500
jarrettk-allthethingsyouare-peacockgdejohnettej-1989-c82aab89,All the Things You Are,0,Keith Jarrett / Keith Jarrett,3,3,jarrettk-allthethingsyouare-peacockgdejohnettej-1989-c82aab89,All the Things You Are,1989,Keith Jarrett,Keith Jarrett,true,raw_jtd_wav_path/jarrettk-allthethingsyouare-peacockgdejohnettej-1989-c82aab89.wav,data/processed/jtd_group_cv_16/audio_24k_mono/jarrettk-allthethingsyouare-peacockgdejohnettej-1989-c82aab89.wav,24000,4296351,179.014625
bleyp-allthethingsyouare-lundgaardjhartb-1985-258273cb,All the Things You Are,0,Paul Bley / Paul Bley,2,2,bleyp-allthethingsyouare-lundgaardjhartb-1985-258273cb,All the Things You Are,1985,Paul Bley,Paul Bley,false,raw_jtd_wav_path/bleyp-allthethingsyouare-lundgaardjhartb-1985-258273cb.wav,data/processed/jtd_group_cv_16/audio_24k_mono/bleyp-allthethingsyouare-lundgaardjhartb-1985-258273cb.wav,24000,1992244,83.010167
evansb-autumnleaves-johnsonmlabarberaj-1980-902d3125,Autumn Leaves,1,Bill Evans / Bill Evans,1,1,evansb-autumnleaves-johnsonmlabarberaj-1980-902d3125,Autumn Leaves,1980,Bill Evans,Bill Evans,false,raw_jtd_wav_path/evansb-autumnleaves-johnsonmlabarberaj-1980-902d3125.wav,data/processed/jtd_group_cv_16/audio_24k_mono/evansb-autumnleaves-johnsonmlabarberaj-1980-902d3125.wav,24000,1080218,45.009083
coreac-autumnleaves-patituccijweckld-1989-9f758273,Autumn Leaves,1,Chick Corea / Chick Corea,2,2,coreac-autumnleaves-patituccijweckld-1989-9f758273,Autumn Leaves,1989,Chick Corea,Chick Corea,false,raw_jtd_wav_path/coreac-autumnleaves-patituccijweckld-1989-9f758273.wav,data/processed/jtd_group_cv_16/audio_24k_mono/coreac-autumnleaves-patituccijweckld-1989-9f758273.wav,24000,2880031,120.001292
hawesh-autumnleaves-woodejclarkek-1958-ef338e87,Autumn Leaves,1,Hampton Hawes / Hampton Hawes,4,4,hawesh-autumnleaves-woodejclarkek-1958-ef338e87,Autumn Leaves,1958,Hampton Hawes,Hampton Hawes,false,raw_jtd_wav_path/hawesh-autumnleaves-woodejclarkek-1958-ef338e87.wav,data/processed/jtd_group_cv_16/audio_24k_mono/hawesh-autumnleaves-woodejclarkek-1958-ef338e87.wav,24000,3552416,148.017333
hicksj-autumnleaves-drummondrmuhammadi-1990-17727f5d,Autumn Leaves,1,John Hicks / John Hicks,6,6,hicksj-autumnleaves-drummondrmuhammadi-1990-17727f5d,Autumn Leaves,1990,John Hicks,John Hicks,true,raw_jtd_wav_path/hicksj-autumnleaves-drummondrmuhammadi-1990-17727f5d.wav,data/processed/jtd_group_cv_16/audio_24k_mono/hicksj-autumnleaves-drummondrmuhammadi-1990-17727f5d.wav,24000,4608553,192.023042
jarrettk-autumnleaves-peacockgdejohnettej-1998-1f0361fa,Autumn Leaves,1,Keith Jarrett / Keith Jarrett,3,3,jarrettk-autumnleaves-peacockgdejohnettej-1998-1f0361fa,Autumn Leaves,1998,Keith Jarrett,Keith Jarrett,false,raw_jtd_wav_path/jarrettk-autumnleaves-peacockgdejohnettej-1998-1f0361fa.wav,data/processed/jtd_group_cv_16/audio_24k_mono/jarrettk-autumnleaves-peacockgdejohnettej-1998-1f0361fa.wav,24000,6912057,288.002375
drewk-autumnleaves-rstednqueena-1988-23c5fddd,Autumn Leaves,1,Kenny Drew / Kenny Drew,7,7,drewk-autumnleaves-rstednqueena-1988-23c5fddd,Autumn Leaves,1988,Kenny Drew,Kenny Drew,false,raw_jtd_wav_path/drewk-autumnleaves-rstednqueena-1988-23c5fddd.wav,data/processed/jtd_group_cv_16/audio_24k_mono/drewk-autumnleaves-rstednqueena-1988-23c5fddd.wav,24000,3024255,126.010625
petersono-autumnleaves-brownrthigpene-1965-204c37f6,Autumn Leaves,1,Oscar Peterson / Oscar Peterson,0,0,petersono-autumnleaves-brownrthigpene-1965-204c37f6,Autumn Leaves,1965,Oscar Peterson,Oscar Peterson,false,raw_jtd_wav_path/petersono-autumnleaves-brownrthigpene-1965-204c37f6.wav,data/processed/jtd_group_cv_16/audio_24k_mono/petersono-autumnleaves-brownrthigpene-1965-204c37f6.wav,24000,1992148,83.006167
kellyw-autumnleaves-mcclurercobbj-1966-6319a440,Autumn Leaves,1,Wynton Kelly / Wynton Kelly,5,5,kellyw-autumnleaves-mcclurercobbj-1966-6319a440,Autumn Leaves,1966,Wynton Kelly,Wynton Kelly,false,raw_jtd_wav_path/kellyw-autumnleaves-mcclurercobbj-1966-6319a440.wav,data/processed/jtd_group_cv_16/audio_24k_mono/kellyw-autumnleaves-mcclurercobbj-1966-6319a440.wav,24000,1823522,75.980083
jamala-ididntknowwhattime-nasserjlampkinc-1966-d41671ba,I Didnt Know What Time It Was,2,Ahmad Jamal / Ahmad Jamal,2,2,jamala-ididntknowwhattime-nasserjlampkinc-1966-d41671ba,I Didnt Know What Time It Was,1966,Ahmad Jamal,Ahmad Jamal,true,raw_jtd_wav_path/jamala-ididntknowwhattime-nasserjlampkinc-1966-d41671ba.wav,data/processed/jtd_group_cv_16/audio_24k_mono/jamala-ididntknowwhattime-nasserjlampkinc-1966-d41671ba.wav,24000,5832181,243.007542
waltonc-ididntknowwhattime-dumastpenlandr-1979-28cbeeb4,I Didnt Know What Time It Was,2,Cedar Walton / Cedar Walton,1,1,waltonc-ididntknowwhattime-dumastpenlandr-1979-28cbeeb4,I Didnt Know What Time It Was,1979,Cedar Walton,Cedar Walton,false,raw_jtd_wav_path/waltonc-ididntknowwhattime-dumastpenlandr-1979-28cbeeb4.wav,data/processed/jtd_group_cv_16/audio_24k_mono/waltonc-ididntknowwhattime-dumastpenlandr-1979-28cbeeb4.wav,24000,4488484,187.020167
hicksj-ididntknowwhattime-lundycmuhammadi-1987-7e650670,I Didnt Know What Time It Was,2,John Hicks / John Hicks,3,3,hicksj-ididntknowwhattime-lundycmuhammadi-1987-7e650670,I Didnt Know What Time It Was,1987,John Hicks,John Hicks,true,raw_jtd_wav_path/hicksj-ididntknowwhattime-lundycmuhammadi-1987-7e650670.wav,data/processed/jtd_group_cv_16/audio_24k_mono/hicksj-ididntknowwhattime-lundycmuhammadi-1987-7e650670.wav,24000,3672105,153.004375
wilsont-ididntknowwhattime-hintonmjacksono-1976-3f4fa21b,I Didnt Know What Time It Was,2,Teddy Wilson / Teddy Wilson,0,0,wilsont-ididntknowwhattime-hintonmjacksono-1976-3f4fa21b,I Didnt Know What Time It Was,1976,Teddy Wilson,Teddy Wilson,false,raw_jtd_wav_path/wilsont-ididntknowwhattime-hintonmjacksono-1976-3f4fa21b.wav,data/processed/jtd_group_cv_16/audio_24k_mono/wilsont-ididntknowwhattime-hintonmjacksono-1976-3f4fa21b.wav,24000,3696434,154.018083
hawesh-illrememberapril-lafarosbutlerf-1956-16f3aa28,Ill Remember April,3,Hampton Hawes / Hampton Hawes,2,2,hawesh-illrememberapril-lafarosbutlerf-1956-16f3aa28,Ill Remember April,1956,Hampton Hawes,Hampton Hawes,false,raw_jtd_wav_path/hawesh-illrememberapril-lafarosbutlerf-1956-16f3aa28.wav,data/processed/jtd_group_cv_16/audio_24k_mono/hawesh-illrememberapril-lafarosbutlerf-1956-16f3aa28.wav,24000,1200314,50.013083
jonesh-illrememberapril-mrazgwashingtonk-1991-31ce3ec4,Ill Remember April,3,Hank Jones / Hank Jones,1,1,jonesh-illrememberapril-mrazgwashingtonk-1991-31ce3ec4,Ill Remember April,1991,Hank Jones,Hank Jones,false,raw_jtd_wav_path/jonesh-illrememberapril-mrazgwashingtonk-1991-31ce3ec4.wav,data/processed/jtd_group_cv_16/audio_24k_mono/jonesh-illrememberapril-mrazgwashingtonk-1991-31ce3ec4.wav,24000,2088323,87.013458
drewk-illrememberapril-wrightespecsc-1953-cf0eadd8,Ill Remember April,3,Kenny Drew / Kenny Drew,0,0,drewk-illrememberapril-wrightespecsc-1953-cf0eadd8,Ill Remember April,1953,Kenny Drew,Kenny Drew,false,raw_jtd_wav_path/drewk-illrememberapril-wrightespecsc-1953-cf0eadd8.wav,data/processed/jtd_group_cv_16/audio_24k_mono/drewk-illrememberapril-wrightespecsc-1953-cf0eadd8.wav,24000,5115316,213.138167
tristanol-illrememberapril-indpweyburnt-1955-a26b8df0,Ill Remember April,3,Lennie Tristano / Lennie Tristano,3,3,tristanol-illrememberapril-indpweyburnt-1955-a26b8df0,Ill Remember April,1955,Lennie Tristano,Lennie Tristano,false,raw_jtd_wav_path/tristanol-illrememberapril-indpweyburnt-1955-a26b8df0.wav,data/processed/jtd_group_cv_16/audio_24k_mono/tristanol-illrememberapril-indpweyburnt-1955-a26b8df0.wav,24000,4560401,190.016708
evansb-inyourownsweetway-johnsonmlabarberaj-1980-103a83ad,In Your Own Sweet Way,4,Bill Evans / Bill Evans,0,0,evansb-inyourownsweetway-johnsonmlabarberaj-1980-103a83ad,In Your Own Sweet Way,1980,Bill Evans,Bill Evans,false,raw_jtd_wav_path/evansb-inyourownsweetway-johnsonmlabarberaj-1980-103a83ad.wav,data/processed/jtd_group_cv_16/audio_24k_mono/evansb-inyourownsweetway-johnsonmlabarberaj-1980-103a83ad.wav,24000,3360401,140.016708
jarrettk-inyourownsweetway-peacockgdejohnettej-1993-df10bb52,In Your Own Sweet Way,4,Keith Jarrett / Keith Jarrett,2,2,jarrettk-inyourownsweetway-peacockgdejohnettej-1993-df10bb52,In Your Own Sweet Way,1993,Keith Jarrett,Keith Jarrett,true,raw_jtd_wav_path/jarrettk-inyourownsweetway-peacockgdejohnettej-1993-df10bb52.wav,data/processed/jtd_group_cv_16/audio_24k_mono/jarrettk-inyourownsweetway-peacockgdejohnettej-1993-df10bb52.wav,24000,6384503,266.020958
drewk-inyourownsweetway-rstednqueena-1990-3ab72aec,In Your Own Sweet Way,4,Kenny Drew / Kenny Drew,1,1,drewk-inyourownsweetway-rstednqueena-1990-3ab72aec,In Your Own Sweet Way,1990,Kenny Drew,Kenny Drew,false,raw_jtd_wav_path/drewk-inyourownsweetway-rstednqueena-1990-3ab72aec.wav,data/processed/jtd_group_cv_16/audio_24k_mono/drewk-inyourownsweetway-rstednqueena-1990-3ab72aec.wav,24000,3792425,158.017708
tynerm-inyourownsweetway-davissjonese-1962-81aa6670,In Your Own Sweet Way,4,McCoy Tyner / McCoy Tyner,3,3,tynerm-inyourownsweetway-davissjonese-1962-81aa6670,In Your Own Sweet Way,1962,McCoy Tyner,McCoy Tyner,false,raw_jtd_wav_path/tynerm-inyourownsweetway-davissjonese-1962-81aa6670.wav,data/processed/jtd_group_cv_16/audio_24k_mono/tynerm-inyourownsweetway-davissjonese-1962-81aa6670.wav,24000,2592209,108.008708
jamala-likesomeoneinlove-crosbyifournierv-1960-16d2bf10,Like Someone in Love,5,Ahmad Jamal / Ahmad Jamal,4,4,jamala-likesomeoneinlove-crosbyifournierv-1960-16d2bf10,Like Someone in Love,1960,Ahmad Jamal,Ahmad Jamal,false,raw_jtd_wav_path/jamala-likesomeoneinlove-crosbyifournierv-1960-16d2bf10.wav,data/processed/jtd_group_cv_16/audio_24k_mono/jamala-likesomeoneinlove-crosbyifournierv-1960-16d2bf10.wav,24000,1392055,58.002292
evansb-likesomeoneinlove-johnsonmlabarberaj-1980-f8b4f914,Like Someone in Love,5,Bill Evans / Bill Evans,0,0,evansb-likesomeoneinlove-johnsonmlabarberaj-1980-f8b4f914,Like Someone in Love,1980,Bill Evans,Bill Evans,false,raw_jtd_wav_path/evansb-likesomeoneinlove-johnsonmlabarberaj-1980-f8b4f914.wav,data/processed/jtd_group_cv_16/audio_24k_mono/evansb-likesomeoneinlove-johnsonmlabarberaj-1980-f8b4f914.wav,24000,1800216,75.009000
powellb-likesomeoneinlove-michelotpclarkek-1953-cebd562d,Like Someone in Love,5,Bud Powell / Bud Powell,3,3,powellb-likesomeoneinlove-michelotpclarkek-1953-cebd562d,Like Someone in Love,1953,Bud Powell,Bud Powell,true,raw_jtd_wav_path/powellb-likesomeoneinlove-michelotpclarkek-1953-cebd562d.wav,data/processed/jtd_group_cv_16/audio_24k_mono/powellb-likesomeoneinlove-michelotpclarkek-1953-cebd562d.wav,24000,2616257,109.010708
jonesh-likesomeoneinlove-duviviergjacksono-1977-75081d2b,Like Someone in Love,5,Hank Jones / Hank Jones,2,2,jonesh-likesomeoneinlove-duviviergjacksono-1977-75081d2b,Like Someone in Love,1977,Hank Jones,Hank Jones,false,raw_jtd_wav_path/jonesh-likesomeoneinlove-duviviergjacksono-1977-75081d2b.wav,data/processed/jtd_group_cv_16/audio_24k_mono/jonesh-likesomeoneinlove-duviviergjacksono-1977-75081d2b.wav,24000,1536290,64.012083
tynerm-likesomeoneinlove-sharpeascotta-1991-4909cf12,Like Someone in Love,5,McCoy Tyner / McCoy Tyner,1,1,tynerm-likesomeoneinlove-sharpeascotta-1991-4909cf12,Like Someone in Love,1991,McCoy Tyner,McCoy Tyner,false,raw_jtd_wav_path/tynerm-likesomeoneinlove-sharpeascotta-1991-4909cf12.wav,data/processed/jtd_group_cv_16/audio_24k_mono/tynerm-likesomeoneinlove-sharpeascotta-1991-4909cf12.wav,24000,4560401,190.016708
flanagant-likesomeoneinlove-tuckerbbaileyd-1961-d5cd9dde,Like Someone in Love,5,Tommy Flanagan / Tommy Flanagan,5,5,flanagant-likesomeoneinlove-tuckerbbaileyd-1961-d5cd9dde,Like Someone in Love,1961,Tommy Flanagan,Tommy Flanagan,true,raw_jtd_wav_path/flanagant-likesomeoneinlove-tuckerbbaileyd-1961-d5cd9dde.wav,data/processed/jtd_group_cv_16/audio_24k_mono/flanagant-likesomeoneinlove-tuckerbbaileyd-1961-d5cd9dde.wav,24000,1200238,50.009917
evansb-myromance-johnsonmlabarberaj-1977-6fe9d497,My Romance,6,Bill Evans / Bill Evans,2,2,evansb-myromance-johnsonmlabarberaj-1977-6fe9d497,My Romance,1977,Bill Evans,Bill Evans,false,raw_jtd_wav_path/evansb-myromance-johnsonmlabarberaj-1977-6fe9d497.wav,data/processed/jtd_group_cv_16/audio_24k_mono/evansb-myromance-johnsonmlabarberaj-1977-6fe9d497.wav,24000,672279,28.011625
hawesh-myromance-mitchellrduckd-1966-b64be2c4,My Romance,6,Hampton Hawes / Hampton Hawes,0,0,hawesh-myromance-mitchellrduckd-1966-b64be2c4,My Romance,1966,Hampton Hawes,Hampton Hawes,false,raw_jtd_wav_path/hawesh-myromance-mitchellrduckd-1966-b64be2c4.wav,data/processed/jtd_group_cv_16/audio_24k_mono/hawesh-myromance-mitchellrduckd-1966-b64be2c4.wav,24000,720414,30.017250
brownr-myromance-moronidnashl-1994-21fb6b42,My Romance,6,Ray Brown / Dado Moroni,1,1,brownr-myromance-moronidnashl-1994-21fb6b42,My Romance,1994,Ray Brown,Dado Moroni,false,raw_jtd_wav_path/brownr-myromance-moronidnashl-1994-21fb6b42.wav,data/processed/jtd_group_cv_16/audio_24k_mono/brownr-myromance-moronidnashl-1994-21fb6b42.wav,24000,1727800,71.991667
brownr-myromance-harrisghamiltonj-1991-037d485a,My Romance,6,Ray Brown / Gene Harris,3,3,brownr-myromance-harrisghamiltonj-1991-037d485a,My Romance,1991,Ray Brown,Gene Harris,false,raw_jtd_wav_path/brownr-myromance-harrisghamiltonj-1991-037d485a.wav,data/processed/jtd_group_cv_16/audio_24k_mono/brownr-myromance-harrisghamiltonj-1991-037d485a.wav,24000,3480564,145.023500
jamala-ongreendolphinstreet-crosbyifournierv-1959-8ff3c6f7,On Green Dolphin Street,7,Ahmad Jamal / Ahmad Jamal,0,0,jamala-ongreendolphinstreet-crosbyifournierv-1959-8ff3c6f7,On Green Dolphin Street,1959,Ahmad Jamal,Ahmad Jamal,false,raw_jtd_wav_path/jamala-ongreendolphinstreet-crosbyifournierv-1959-8ff3c6f7.wav,data/processed/jtd_group_cv_16/audio_24k_mono/jamala-ongreendolphinstreet-crosbyifournierv-1959-8ff3c6f7.wav,24000,2184050,91.002083
evansb-ongreendolphinstreet-gomezedejohnettej-1967-e580f47d,On Green Dolphin Street,7,Bill Evans / Bill Evans,1,1,evansb-ongreendolphinstreet-gomezedejohnettej-1967-e580f47d,On Green Dolphin Street,1967,Bill Evans,Bill Evans,false,raw_jtd_wav_path/evansb-ongreendolphinstreet-gomezedejohnettej-1967-e580f47d.wav,data/processed/jtd_group_cv_16/audio_24k_mono/evansb-ongreendolphinstreet-gomezedejohnettej-1967-e580f47d.wav,24000,1752403,73.016792
petersono-ongreendolphinstreet-brownrthigpene-1961-940fa118,On Green Dolphin Street,7,Oscar Peterson / Oscar Peterson,5,5,petersono-ongreendolphinstreet-brownrthigpene-1961-940fa118,On Green Dolphin Street,1961,Oscar Peterson,Oscar Peterson,false,raw_jtd_wav_path/petersono-ongreendolphinstreet-brownrthigpene-1961-940fa118.wav,data/processed/jtd_group_cv_16/audio_24k_mono/petersono-ongreendolphinstreet-brownrthigpene-1961-940fa118.wav,24000,4655578,193.982417
brownr-ongreendolphinstreet-samplejmannes-1975-9a9278d1,On Green Dolphin Street,7,Ray Brown / Joe Sample,3,3,brownr-ongreendolphinstreet-samplejmannes-1975-9a9278d1,On Green Dolphin Street,1975,Ray Brown,Joe Sample,false,raw_jtd_wav_path/brownr-ongreendolphinstreet-samplejmannes-1975-9a9278d1.wav,data/processed/jtd_group_cv_16/audio_24k_mono/brownr-ongreendolphinstreet-samplejmannes-1975-9a9278d1.wav,24000,1944475,81.019792
garlandr-ongreendolphinstreet-jonesspersipc-1961-b88d062a,On Green Dolphin Street,7,Red Garland / Red Garland,4,4,garlandr-ongreendolphinstreet-jonesspersipc-1961-b88d062a,On Green Dolphin Street,1961,Red Garland,Red Garland,false,raw_jtd_wav_path/garlandr-ongreendolphinstreet-jonesspersipc-1961-b88d062a.wav,data/processed/jtd_group_cv_16/audio_24k_mono/garlandr-ongreendolphinstreet-jonesspersipc-1961-b88d062a.wav,24000,984501,41.020875
kellyw-ongreendolphinstreet-chamberspcobbj-1955-3e123c7e,On Green Dolphin Street,7,Wynton Kelly / Wynton Kelly,2,2,kellyw-ongreendolphinstreet-chamberspcobbj-1955-3e123c7e,On Green Dolphin Street,1955,Wynton Kelly,Wynton Kelly,false,raw_jtd_wav_path/kellyw-ongreendolphinstreet-chamberspcobbj-1955-3e123c7e.wav,data/processed/jtd_group_cv_16/audio_24k_mono/kellyw-ongreendolphinstreet-chamberspcobbj-1955-3e123c7e.wav,24000,4367521,181.980042
evansb-santaclausiscomingto-peacockgmotianp-1966-9adb51a4,Santa Claus Is Coming to Town,8,Bill Evans / Bill Evans,1,1,evansb-santaclausiscomingto-peacockgmotianp-1966-9adb51a4,Santa Claus Is Coming to Town,1966,Bill Evans,Bill Evans,false,raw_jtd_wav_path/evansb-santaclausiscomingto-peacockgmotianp-1966-9adb51a4.wav,data/processed/jtd_group_cv_16/audio_24k_mono/evansb-santaclausiscomingto-peacockgmotianp-1966-9adb51a4.wav,24000,1943950,80.997917
timmonsb-santaclausiscomingto-warrenbperkinsw-1964-8bb49e78,Santa Claus Is Coming to Town,8,Bobby Timmons / Bobby Timmons,3,3,timmonsb-santaclausiscomingto-warrenbperkinsw-1964-8bb49e78,Santa Claus Is Coming to Town,1964,Bobby Timmons,Bobby Timmons,false,raw_jtd_wav_path/timmonsb-santaclausiscomingto-warrenbperkinsw-1964-8bb49e78.wav,data/processed/jtd_group_cv_16/audio_24k_mono/timmonsb-santaclausiscomingto-warrenbperkinsw-1964-8bb49e78.wav,24000,2448253,102.010542
jarrettk-santaclausiscomingto-peacockgdejohnettej-1998-22e04d0b,Santa Claus Is Coming to Town,8,Keith Jarrett / Keith Jarrett,2,2,jarrettk-santaclausiscomingto-peacockgdejohnettej-1998-22e04d0b,Santa Claus Is Coming to Town,1998,Keith Jarrett,Keith Jarrett,false,raw_jtd_wav_path/jarrettk-santaclausiscomingto-peacockgdejohnettej-1998-22e04d0b.wav,data/processed/jtd_group_cv_16/audio_24k_mono/jarrettk-santaclausiscomingto-peacockgdejohnettej-1998-22e04d0b.wav,24000,5064388,211.016167
bleyp-santaclausiscomingto-lundgaardjhartb-1985-6917dfd6,Santa Claus Is Coming to Town,8,Paul Bley / Paul Bley,0,0,bleyp-santaclausiscomingto-lundgaardjhartb-1985-6917dfd6,Santa Claus Is Coming to Town,1985,Paul Bley,Paul Bley,false,raw_jtd_wav_path/bleyp-santaclausiscomingto-lundgaardjhartb-1985-6917dfd6.wav,data/processed/jtd_group_cv_16/audio_24k_mono/bleyp-santaclausiscomingto-lundgaardjhartb-1985-6917dfd6.wav,24000,1608020,67.000833
powellb-satindoll-bibigfieldsk-1961-cf73bbe5,Satin Doll,9,Bud Powell / Bud Powell,3,3,powellb-satindoll-bibigfieldsk-1961-cf73bbe5,Satin Doll,1961,Bud Powell,Bud Powell,true,raw_jtd_wav_path/powellb-satindoll-bibigfieldsk-1961-cf73bbe5.wav,data/processed/jtd_group_cv_16/audio_24k_mono/powellb-satindoll-bibigfieldsk-1961-cf73bbe5.wav,24000,3336142,139.005917
tynerm-satindoll-sharpeahayesl-1986-e475823a,Satin Doll,9,McCoy Tyner / McCoy Tyner,1,1,tynerm-satindoll-sharpeahayesl-1986-e475823a,Satin Doll,1986,McCoy Tyner,McCoy Tyner,true,raw_jtd_wav_path/tynerm-satindoll-sharpeahayesl-1986-e475823a.wav,data/processed/jtd_group_cv_16/audio_24k_mono/tynerm-satindoll-sharpeahayesl-1986-e475823a.wav,24000,5712231,238.009625
petersono-satindoll-brownrthigpene-1964-f07c7707,Satin Doll,9,Oscar Peterson / Oscar Peterson,0,0,petersono-satindoll-brownrthigpene-1964-f07c7707,Satin Doll,1964,Oscar Peterson,Oscar Peterson,false,raw_jtd_wav_path/petersono-satindoll-brownrthigpene-1964-f07c7707.wav,data/processed/jtd_group_cv_16/audio_24k_mono/petersono-satindoll-brownrthigpene-1964-f07c7707.wav,24000,648458,27.019083
brownr-satindoll-samplejmannes-1975-32107f71,Satin Doll,9,Ray Brown / Joe Sample,2,2,brownr-satindoll-samplejmannes-1975-32107f71,Satin Doll,1975,Ray Brown,Joe Sample,false,raw_jtd_wav_path/brownr-satindoll-samplejmannes-1975-32107f71.wav,data/processed/jtd_group_cv_16/audio_24k_mono/brownr-satindoll-samplejmannes-1975-32107f71.wav,24000,1680264,70.011000
evansb-somedaymyprincewillcome-gomezemorellm-1972-f5c17cd1,Someday My Prince Will Come,10,Bill Evans / Bill Evans,3,3,evansb-somedaymyprincewillcome-gomezemorellm-1972-f5c17cd1,Someday My Prince Will Come,1972,Bill Evans,Bill Evans,false,raw_jtd_wav_path/evansb-somedaymyprincewillcome-gomezemorellm-1972-f5c17cd1.wav,data/processed/jtd_group_cv_16/audio_24k_mono/evansb-somedaymyprincewillcome-gomezemorellm-1972-f5c17cd1.wav,24000,1416236,59.009833
coreac-somedaymyprincewillcome-patituccijweckld-1989-2fea2bf0,Someday My Prince Will Come,10,Chick Corea / Chick Corea,0,0,coreac-somedaymyprincewillcome-patituccijweckld-1989-2fea2bf0,Someday My Prince Will Come,1989,Chick Corea,Chick Corea,false,raw_jtd_wav_path/coreac-somedaymyprincewillcome-patituccijweckld-1989-2fea2bf0.wav,data/processed/jtd_group_cv_16/audio_24k_mono/coreac-somedaymyprincewillcome-patituccijweckld-1989-2fea2bf0.wav,24000,1512216,63.009000
jarrettk-somedaymyprincewillcome-peacockgdejohnettej-2001-36644b74,Someday My Prince Will Come,10,Keith Jarrett / Keith Jarrett,2,2,jarrettk-somedaymyprincewillcome-peacockgdejohnettej-2001-36644b74,Someday My Prince Will Come,2001,Keith Jarrett,Keith Jarrett,false,raw_jtd_wav_path/jarrettk-somedaymyprincewillcome-peacockgdejohnettej-2001-36644b74.wav,data/processed/jtd_group_cv_16/audio_24k_mono/jarrettk-somedaymyprincewillcome-peacockgdejohnettej-2001-36644b74.wav,24000,7728240,322.010000
barronk-somedaymyprincewillcome-williamsbrileyb-1982-709cf40e,Someday My Prince Will Come,10,Kenny Barron / Kenny Barron,1,1,barronk-somedaymyprincewillcome-williamsbrileyb-1982-709cf40e,Someday My Prince Will Come,1982,Kenny Barron,Kenny Barron,true,raw_jtd_wav_path/barronk-somedaymyprincewillcome-williamsbrileyb-1982-709cf40e.wav,data/processed/jtd_group_cv_16/audio_24k_mono/barronk-somedaymyprincewillcome-williamsbrileyb-1982-709cf40e.wav,24000,4440403,185.016792
jamala-stellabystarlight-crosbyifournierv-1961-6601943f,Stella by Starlight,11,Ahmad Jamal / Ahmad Jamal,5,5,jamala-stellabystarlight-crosbyifournierv-1961-6601943f,Stella by Starlight,1961,Ahmad Jamal,Ahmad Jamal,false,raw_jtd_wav_path/jamala-stellabystarlight-crosbyifournierv-1961-6601943f.wav,data/processed/jtd_group_cv_16/audio_24k_mono/jamala-stellabystarlight-crosbyifournierv-1961-6601943f.wav,24000,3048050,127.002083
evansb-stellabystarlight-johnsonmlabarberaj-1980-55c0e760,Stella by Starlight,11,Bill Evans / Bill Evans,6,6,evansb-stellabystarlight-johnsonmlabarberaj-1980-55c0e760,Stella by Starlight,1980,Bill Evans,Bill Evans,false,raw_jtd_wav_path/evansb-stellabystarlight-johnsonmlabarberaj-1980-55c0e760.wav,data/processed/jtd_group_cv_16/audio_24k_mono/evansb-stellabystarlight-johnsonmlabarberaj-1980-55c0e760.wav,24000,2520492,105.020500
jonesh-stellabystarlight-mcbrideccobbj-2006-0b84c1a7,Stella by Starlight,11,Hank Jones / Hank Jones,4,4,jonesh-stellabystarlight-mcbrideccobbj-2006-0b84c1a7,Stella by Starlight,2006,Hank Jones,Hank Jones,false,raw_jtd_wav_path/jonesh-stellabystarlight-mcbrideccobbj-2006-0b84c1a7.wav,data/processed/jtd_group_cv_16/audio_24k_mono/jonesh-stellabystarlight-mcbrideccobbj-2006-0b84c1a7.wav,24000,888018,37.000750
hicksj-stellabystarlight-drummondrsmittym-1993-5509efbe,Stella by Starlight,11,John Hicks / John Hicks,7,7,hicksj-stellabystarlight-drummondrsmittym-1993-5509efbe,Stella by Starlight,1993,John Hicks,John Hicks,true,raw_jtd_wav_path/hicksj-stellabystarlight-drummondrsmittym-1993-5509efbe.wav,data/processed/jtd_group_cv_16/audio_24k_mono/hicksj-stellabystarlight-drummondrsmittym-1993-5509efbe.wav,24000,3216314,134.013083
barronk-stellabystarlight-carterrcobhamb-2003-63b7639c,Stella by Starlight,11,Kenny Barron / Kenny Barron,1,1,barronk-stellabystarlight-carterrcobhamb-2003-63b7639c,Stella by Starlight,2003,Kenny Barron,Kenny Barron,false,raw_jtd_wav_path/barronk-stellabystarlight-carterrcobhamb-2003-63b7639c.wav,data/processed/jtd_group_cv_16/audio_24k_mono/barronk-stellabystarlight-carterrcobhamb-2003-63b7639c.wav,24000,4680231,195.009625
drewk-stellabystarlight-russellcblakeya-1951-e9851153,Stella by Starlight,11,Kenny Drew / Kenny Drew,0,0,drewk-stellabystarlight-russellcblakeya-1951-e9851153,Stella by Starlight,1951,Kenny Drew,Kenny Drew,false,raw_jtd_wav_path/drewk-stellabystarlight-russellcblakeya-1951-e9851153.wav,data/processed/jtd_group_cv_16/audio_24k_mono/drewk-stellabystarlight-russellcblakeya-1951-e9851153.wav,24000,1392203,58.008458
petersono-stellabystarlight-jonesshayesl-1966-990184dc,Stella by Starlight,11,Oscar Peterson / Oscar Peterson,3,3,petersono-stellabystarlight-jonesshayesl-1966-990184dc,Stella by Starlight,1966,Oscar Peterson,Oscar Peterson,true,raw_jtd_wav_path/petersono-stellabystarlight-jonesshayesl-1966-990184dc.wav,data/processed/jtd_group_cv_16/audio_24k_mono/petersono-stellabystarlight-jonesshayesl-1966-990184dc.wav,24000,3000294,125.012250
cowells-stellabystarlight-thomascthomasw-1993-6e5a304e,Stella by Starlight,11,Stanley Cowell / Stanley Cowell,2,2,cowells-stellabystarlight-thomascthomasw-1993-6e5a304e,Stella by Starlight,1993,Stanley Cowell,Stanley Cowell,false,raw_jtd_wav_path/cowells-stellabystarlight-thomascthomasw-1993-6e5a304e.wav,data/processed/jtd_group_cv_16/audio_24k_mono/cowells-stellabystarlight-thomascthomasw-1993-6e5a304e.wav,24000,2592434,108.018083
waltonc-thereisnogreaterlove-williamsdhigginsb-1992-c4cb26bd,There Is No Greater Love,12,Cedar Walton / Cedar Walton,4,4,waltonc-thereisnogreaterlove-williamsdhigginsb-1992-c4cb26bd,There Is No Greater Love,1992,Cedar Walton,Cedar Walton,false,raw_jtd_wav_path/waltonc-thereisnogreaterlove-williamsdhigginsb-1992-c4cb26bd.wav,data/processed/jtd_group_cv_16/audio_24k_mono/waltonc-thereisnogreaterlove-williamsdhigginsb-1992-c4cb26bd.wav,24000,4488301,187.012542
hicksj-thereisnogreaterlove-drummondrsmittym-1993-52e6c99d,There Is No Greater Love,12,John Hicks / John Hicks,2,2,hicksj-thereisnogreaterlove-drummondrsmittym-1993-52e6c99d,There Is No Greater Love,1993,John Hicks,John Hicks,true,raw_jtd_wav_path/hicksj-thereisnogreaterlove-drummondrsmittym-1993-52e6c99d.wav,data/processed/jtd_group_cv_16/audio_24k_mono/hicksj-thereisnogreaterlove-drummondrsmittym-1993-52e6c99d.wav,24000,5088235,212.009792
barronk-thereisnogreaterlove-williamsbrileyb-1984-90d41f7e,There Is No Greater Love,12,Kenny Barron / Kenny Barron,3,3,barronk-thereisnogreaterlove-williamsbrileyb-1984-90d41f7e,There Is No Greater Love,1984,Kenny Barron,Kenny Barron,true,raw_jtd_wav_path/barronk-thereisnogreaterlove-williamsbrileyb-1984-90d41f7e.wav,data/processed/jtd_group_cv_16/audio_24k_mono/barronk-thereisnogreaterlove-williamsbrileyb-1984-90d41f7e.wav,24000,6048235,252.009792
petersono-thereisnogreaterlove-brownrthigpene-1961-dc8ea579,There Is No Greater Love,12,Oscar Peterson / Oscar Peterson,0,0,petersono-thereisnogreaterlove-brownrthigpene-1961-dc8ea579,There Is No Greater Love,1961,Oscar Peterson,Oscar Peterson,false,raw_jtd_wav_path/petersono-thereisnogreaterlove-brownrthigpene-1961-dc8ea579.wav,data/processed/jtd_group_cv_16/audio_24k_mono/petersono-thereisnogreaterlove-brownrthigpene-1961-dc8ea579.wav,24000,4104120,171.005000
kellyw-thereisnogreaterlove-mcclurercobbj-1966-372399bb,There Is No Greater Love,12,Wynton Kelly / Wynton Kelly,1,1,kellyw-thereisnogreaterlove-mcclurercobbj-1966-372399bb,There Is No Greater Love,1966,Wynton Kelly,Wynton Kelly,false,raw_jtd_wav_path/kellyw-thereisnogreaterlove-mcclurercobbj-1966-372399bb.wav,data/processed/jtd_group_cv_16/audio_24k_mono/kellyw-thereisnogreaterlove-mcclurercobbj-1966-372399bb.wav,24000,8568024,357.001000
jamala-whatisthisthingcalled-crosbyifournierv-1961-41d8df86,What Is This Thing Called Love,13,Ahmad Jamal / Ahmad Jamal,3,3,jamala-whatisthisthingcalled-crosbyifournierv-1961-41d8df86,What Is This Thing Called Love,1961,Ahmad Jamal,Ahmad Jamal,true,raw_jtd_wav_path/jamala-whatisthisthingcalled-crosbyifournierv-1961-41d8df86.wav,data/processed/jtd_group_cv_16/audio_24k_mono/jamala-whatisthisthingcalled-crosbyifournierv-1961-41d8df86.wav,24000,1464048,61.002000
evansb-whatisthisthingcalled-israelscbunkerl-1961-8a127c18,What Is This Thing Called Love,13,Bill Evans / Bill Evans,1,1,evansb-whatisthisthingcalled-israelscbunkerl-1961-8a127c18,What Is This Thing Called Love,1961,Bill Evans,Bill Evans,false,raw_jtd_wav_path/evansb-whatisthisthingcalled-israelscbunkerl-1961-8a127c18.wav,data/processed/jtd_group_cv_16/audio_24k_mono/evansb-whatisthisthingcalled-israelscbunkerl-1961-8a127c18.wav,24000,1008168,42.007000
mancej-whatisthisthingcalled-bettskwilliamsj-1998-15983625,What Is This Thing Called Love,13,Junior Mance / Junior Mance,2,2,mancej-whatisthisthingcalled-bettskwilliamsj-1998-15983625,What Is This Thing Called Love,1998,Junior Mance,Junior Mance,true,raw_jtd_wav_path/mancej-whatisthisthingcalled-bettskwilliamsj-1998-15983625.wav,data/processed/jtd_group_cv_16/audio_24k_mono/mancej-whatisthisthingcalled-bettskwilliamsj-1998-15983625.wav,24000,4656072,194.003000
jarrettk-whatisthisthingcalled-peacockgdejohnettej-1999-72ad4994,What Is This Thing Called Love,13,Keith Jarrett / Keith Jarrett,0,0,jarrettk-whatisthisthingcalled-peacockgdejohnettej-1999-72ad4994,What Is This Thing Called Love,1999,Keith Jarrett,Keith Jarrett,false,raw_jtd_wav_path/jarrettk-whatisthisthingcalled-peacockgdejohnettej-1999-72ad4994.wav,data/processed/jtd_group_cv_16/audio_24k_mono/jarrettk-whatisthisthingcalled-peacockgdejohnettej-1999-72ad4994.wav,24000,7655193,318.966375
jamala-whispernot-nasserjfournierv-1965-dc92588c,Whisper Not,14,Ahmad Jamal / Ahmad Jamal,1,1,jamala-whispernot-nasserjfournierv-1965-dc92588c,Whisper Not,1965,Ahmad Jamal,Ahmad Jamal,true,raw_jtd_wav_path/jamala-whispernot-nasserjfournierv-1965-dc92588c.wav,data/processed/jtd_group_cv_16/audio_24k_mono/jamala-whispernot-nasserjfournierv-1965-dc92588c.wav,24000,1896538,79.022417
mancej-whispernot-cleyndertabrowns-2000-7234835b,Whisper Not,14,Junior Mance / Junior Mance,3,3,mancej-whispernot-cleyndertabrowns-2000-7234835b,Whisper Not,2000,Junior Mance,Junior Mance,true,raw_jtd_wav_path/mancej-whispernot-cleyndertabrowns-2000-7234835b.wav,data/processed/jtd_group_cv_16/audio_24k_mono/mancej-whispernot-cleyndertabrowns-2000-7234835b.wav,24000,4608207,192.008625
jarrettk-whispernot-peacockgdejohnettej-1999-acdeb96f,Whisper Not,14,Keith Jarrett / Keith Jarrett,2,2,jarrettk-whispernot-peacockgdejohnettej-1999-acdeb96f,Whisper Not,1999,Keith Jarrett,Keith Jarrett,true,raw_jtd_wav_path/jarrettk-whispernot-peacockgdejohnettej-1999-acdeb96f.wav,data/processed/jtd_group_cv_16/audio_24k_mono/jarrettk-whispernot-peacockgdejohnettej-1999-acdeb96f.wav,24000,4104235,171.009792
petersono-whispernot-brownrthigpene-1961-aa3ac076,Whisper Not,14,Oscar Peterson / Oscar Peterson,0,0,petersono-whispernot-brownrthigpene-1961-aa3ac076,Whisper Not,1961,Oscar Peterson,Oscar Peterson,false,raw_jtd_wav_path/petersono-whispernot-brownrthigpene-1961-aa3ac076.wav,data/processed/jtd_group_cv_16/audio_24k_mono/petersono-whispernot-brownrthigpene-1961-aa3ac076.wav,24000,2712669,113.027875
evansb-yesterdays-gomezemorellm-1968-43d1c693,Yesterdays,15,Bill Evans / Bill Evans,1,1,evansb-yesterdays-gomezemorellm-1968-43d1c693,Yesterdays,1968,Bill Evans,Bill Evans,false,raw_jtd_wav_path/evansb-yesterdays-gomezemorellm-1968-43d1c693.wav,data/processed/jtd_group_cv_16/audio_24k_mono/evansb-yesterdays-gomezemorellm-1968-43d1c693.wav,24000,1200072,50.003000
hollandd-yesterdays-joneshhigginsb-1989-126bab92,Yesterdays,15,Dave Holland / Hank Jones,3,3,hollandd-yesterdays-joneshhigginsb-1989-126bab92,Yesterdays,1989,Dave Holland,Hank Jones,false,raw_jtd_wav_path/hollandd-yesterdays-joneshhigginsb-1989-126bab92.wav,data/processed/jtd_group_cv_16/audio_24k_mono/hollandd-yesterdays-joneshhigginsb-1989-126bab92.wav,24000,2520375,105.015625
hicksj-yesterdays-drummondrmuhammadi-1990-8a89257c,Yesterdays,15,John Hicks / John Hicks,2,2,hicksj-yesterdays-drummondrmuhammadi-1990-8a89257c,Yesterdays,1990,John Hicks,John Hicks,true,raw_jtd_wav_path/hicksj-yesterdays-drummondrmuhammadi-1990-8a89257c.wav,data/processed/jtd_group_cv_16/audio_24k_mono/hicksj-yesterdays-drummondrmuhammadi-1990-8a89257c.wav,24000,1776505,74.021042
drewk-yesterdays-russellcblakeya-1951-3dc431b2,Yesterdays,15,Kenny Drew / Kenny Drew,0,0,drewk-yesterdays-russellcblakeya-1951-3dc431b2,Yesterdays,1951,Kenny Drew,Kenny Drew,false,raw_jtd_wav_path/drewk-yesterdays-russellcblakeya-1951-3dc431b2.wav,data/processed/jtd_group_cv_16/audio_24k_mono/drewk-yesterdays-russellcblakeya-1951-3dc431b2.wav,24000,3888035,162.001458
tynerm-yesterdays-sharpeascotta-1989-47615333,Yesterdays,15,McCoy Tyner / McCoy Tyner,5,5,tynerm-yesterdays-sharpeascotta-1989-47615333,Yesterdays,1989,McCoy Tyner,McCoy Tyner,true,raw_jtd_wav_path/tynerm-yesterdays-sharpeascotta-1989-47615333.wav,data/processed/jtd_group_cv_16/audio_24k_mono/tynerm-yesterdays-sharpeascotta-1989-47615333.wav,24000,3720244,155.010167
brownr-yesterdays-smithpbellsonl-1978-6357e74c,Yesterdays,15,Ray Brown / Paul Smith,4,4,brownr-yesterdays-smithpbellsonl-1978-6357e74c,Yesterdays,1978,Ray Brown,Paul Smith,false,raw_jtd_wav_path/brownr-yesterdays-smithpbellsonl-1978-6357e74c.wav,data/processed/jtd_group_cv_16/audio_24k_mono/brownr-yesterdays-smithpbellsonl-1978-6357e74c.wav,24000,960251,40.010458
